medicamento_id,mes,anio,region,temporada,uso_previsto,uso_real,uso_prev_dif,uso_real_dif
Med_1,1,2023,Este,Otoño,231,312,0.0,0.0
Med_1,1,2023,Norte,Invierno,59,92,-172.0,-220.0
Med_1,1,2023,Oeste,Otoño,84,99,25.0,7.0
Med_1,2,2023,Sur,Invierno,190,145,106.0,46.0
Med_1,2,2023,Este,Invierno,131,41,-59.0,-104.0
Med_1,2,2023,Norte,Verano,270,201,139.0,160.0
Med_1,2,2023,Norte,Primavera,225,68,-45.0,-133.0
Med_1,3,2023,Este,Otoño,141,225,-84.0,157.0
Med_1,3,2023,Sur,Verano,118,152,-23.0,-73.0
Med_1,3,2023,Oeste,Verano,213,201,95.0,49.0
Med_1,3,2023,Oeste,Verano,141,137,-72.0,-64.0
Med_1,4,2023,Sur,Invierno,97,319,-44.0,182.0
Med_1,4,2023,Sur,Invierno,231,290,134.0,-29.0
Med_1,5,2023,Oeste,Verano,102,219,-129.0,-71.0
Med_1,5,2023,Oeste,Invierno,115,285,13.0,66.0
Med_1,5,2023,Norte,Verano,145,51,30.0,-234.0
Med_1,5,2023,Este,Verano,140,40,-5.0,-11.0
Med_1,5,2023,Norte,Verano,162,50,22.0,10.0
Med_1,6,2023,Oeste,Invierno,221,307,59.0,257.0
Med_1,6,2023,Sur,Verano,176,107,-45.0,-200.0
Med_1,7,2023,Norte,Invierno,107,199,-69.0,92.0
Med_1,7,2023,Norte,Primavera,95,259,-12.0,60.0
Med_1,7,2023,Sur,Invierno,221,158,126.0,-101.0
Med_1,7,2023,Este,Otoño,120,45,-101.0,-113.0
Med_1,8,2023,Este,Verano,84,312,-36.0,267.0
Med_1,8,2023,Oeste,Primavera,116,112,32.0,-200.0
Med_1,9,2023,Norte,Verano,297,77,181.0,-35.0
Med_1,10,2023,Norte,Invierno,283,239,-14.0,162.0
Med_1,10,2023,Norte,Verano,88,137,-195.0,-102.0
Med_1,10,2023,Sur,Invierno,254,82,166.0,-55.0
Med_1,11,2023,Norte,Primavera,155,210,-99.0,128.0
Med_1,11,2023,Oeste,Invierno,273,141,118.0,-69.0
Med_1,11,2023,Oeste,Otoño,252,226,-21.0,85.0
Med_1,12,2023,Este,Primavera,242,146,-10.0,-80.0
Med_1,12,2023,Norte,Verano,137,267,-105.0,121.0
Med_1,12,2023,Sur,Otoño,97,166,-40.0,-101.0
Med_1,12,2023,Norte,Otoño,138,81,41.0,-85.0
Med_1,1,2024,Norte,Verano,184,52,46.0,-29.0
Med_1,1,2024,Oeste,Primavera,95,272,-89.0,220.0
Med_1,1,2024,Este,Primavera,61,249,-34.0,-23.0
Med_1,2,2024,Oeste,Otoño,199,195,138.0,-54.0
Med_1,2,2024,Oeste,Invierno,244,179,45.0,-16.0
Med_1,2,2024,Este,Primavera,156,229,-88.0,50.0
Med_1,2,2024,Oeste,Primavera,207,157,51.0,-72.0
Med_1,3,2024,Oeste,Verano,181,225,-26.0,68.0
Med_1,4,2024,Este,Otoño,78,109,-103.0,-116.0
Med_1,4,2024,Sur,Otoño,75,48,-3.0,-61.0
Med_1,4,2024,Norte,Primavera,111,149,36.0,101.0
Med_1,4,2024,Sur,Otoño,273,147,162.0,-2.0
Med_1,6,2024,Este,Otoño,136,43,-137.0,-104.0
Med_1,7,2024,Oeste,Verano,131,261,-5.0,218.0
Med_1,7,2024,Oeste,Verano,131,155,0.0,-106.0
Med_1,7,2024,Norte,Primavera,248,44,117.0,-111.0
Med_1,7,2024,Sur,Primavera,258,132,10.0,88.0
Med_1,8,2024,Oeste,Otoño,267,116,9.0,-16.0
Med_1,9,2024,Sur,Verano,298,44,31.0,-72.0
Med_1,9,2024,Norte,Otoño,228,177,-70.0,133.0
Med_1,9,2024,Sur,Primavera,291,65,63.0,-112.0
Med_1,9,2024,Oeste,Primavera,131,81,-160.0,16.0
Med_1,10,2024,Oeste,Otoño,197,97,66.0,16.0
Med_1,10,2024,Oeste,Verano,225,102,28.0,5.0
Med_1,11,2024,Este,Primavera,253,68,28.0,-34.0
Med_1,11,2024,Oeste,Verano,232,150,-21.0,82.0
Med_1,12,2024,Sur,Invierno,176,292,-56.0,142.0
Med_1,12,2024,Oeste,Primavera,248,177,72.0,-115.0
Med_1,12,2024,Sur,Invierno,62,292,-186.0,115.0
Med_1,12,2024,Norte,Verano,68,293,6.0,1.0
Med_10,1,2023,Oeste,Invierno,61,149,0.0,0.0
Med_10,2,2023,Este,Verano,169,206,108.0,57.0
Med_10,2,2023,Norte,Primavera,132,305,-37.0,99.0
Med_10,3,2023,Oeste,Verano,108,167,-24.0,-138.0
Med_10,3,2023,Sur,Otoño,82,278,-26.0,111.0
Med_10,3,2023,Norte,Otoño,98,185,16.0,-93.0
Med_10,3,2023,Este,Primavera,243,55,145.0,-130.0
Med_10,3,2023,Norte,Invierno,135,78,-108.0,23.0
Med_10,4,2023,Sur,Invierno,283,319,148.0,241.0
Med_10,4,2023,Sur,Verano,227,180,-56.0,-139.0
Med_10,6,2023,Sur,Primavera,205,50,-22.0,-130.0
Med_10,7,2023,Norte,Verano,280,137,75.0,87.0
Med_10,8,2023,Norte,Otoño,123,312,-157.0,175.0
Med_10,8,2023,Norte,Verano,104,276,-19.0,-36.0
Med_10,8,2023,Sur,Otoño,134,264,30.0,-12.0
Med_10,8,2023,Sur,Invierno,181,163,47.0,-101.0
Med_10,8,2023,Oeste,Invierno,198,46,17.0,-117.0
Med_10,9,2023,Oeste,Verano,264,145,66.0,99.0
Med_10,9,2023,Este,Primavera,225,247,-39.0,102.0
Med_10,9,2023,Norte,Otoño,176,148,-49.0,-99.0
Med_10,11,2023,Sur,Otoño,165,205,-11.0,57.0
Med_10,11,2023,Sur,Verano,217,288,52.0,83.0
Med_10,12,2023,Oeste,Primavera,294,56,77.0,-232.0
Med_10,12,2023,Sur,Primavera,275,156,-19.0,100.0
Med_10,12,2023,Este,Verano,113,74,-162.0,-82.0
Med_10,1,2024,Sur,Otoño,71,137,-42.0,63.0
Med_10,1,2024,Oeste,Otoño,94,53,23.0,-84.0
Med_10,2,2024,Norte,Primavera,253,239,159.0,186.0
Med_10,3,2024,Oeste,Invierno,78,288,-175.0,49.0
Med_10,3,2024,Este,Otoño,190,253,112.0,-35.0
Med_10,4,2024,Norte,Verano,264,122,74.0,-131.0
Med_10,5,2024,Oeste,Primavera,88,289,-176.0,167.0
Med_10,5,2024,Sur,Otoño,289,284,201.0,-5.0
Med_10,6,2024,Este,Invierno,194,284,-95.0,0.0
Med_10,7,2024,Este,Verano,183,311,-11.0,27.0
Med_10,7,2024,Norte,Invierno,183,231,0.0,-80.0
Med_10,7,2024,Oeste,Otoño,146,236,-37.0,5.0
Med_10,7,2024,Oeste,Otoño,238,129,92.0,-107.0
Med_10,8,2024,Este,Otoño,254,61,16.0,-68.0
Med_10,8,2024,Sur,Verano,265,193,11.0,132.0
Med_10,11,2024,Este,Verano,109,203,-156.0,10.0
Med_10,11,2024,Este,Verano,143,233,34.0,30.0
Med_11,1,2023,Este,Otoño,105,176,0.0,0.0
Med_11,1,2023,Sur,Invierno,132,312,27.0,136.0
Med_11,1,2023,Norte,Primavera,189,177,57.0,-135.0
Med_11,1,2023,Sur,Primavera,168,152,-21.0,-25.0
Med_11,1,2023,Oeste,Verano,205,173,37.0,21.0
Med_11,2,2023,Sur,Invierno,113,218,-92.0,45.0
Med_11,2,2023,Oeste,Otoño,194,115,81.0,-103.0
Med_11,3,2023,Norte,Primavera,257,185,63.0,70.0
Med_11,3,2023,Este,Verano,204,90,-53.0,-95.0
Med_11,4,2023,Sur,Primavera,252,185,48.0,95.0
Med_11,5,2023,Sur,Verano,198,137,-54.0,-48.0
Med_11,5,2023,Sur,Primavera,123,72,-75.0,-65.0
Med_11,6,2023,Oeste,Invierno,292,86,169.0,14.0
Med_11,6,2023,Norte,Primavera,267,187,-25.0,101.0
Med_11,7,2023,Oeste,Otoño,236,69,-31.0,-118.0
Med_11,7,2023,Norte,Invierno,238,135,2.0,66.0
Med_11,8,2023,Sur,Otoño,218,212,-20.0,77.0
Med_11,8,2023,Este,Otoño,111,188,-107.0,-24.0
Med_11,8,2023,Norte,Otoño,256,247,145.0,59.0
Med_11,9,2023,Oeste,Otoño,217,111,-39.0,-136.0
Med_11,10,2023,Sur,Invierno,128,224,-89.0,113.0
Med_11,11,2023,Sur,Primavera,92,277,-36.0,53.0
Med_11,11,2023,Este,Verano,123,118,31.0,-159.0
Med_11,12,2023,Norte,Verano,129,158,6.0,40.0
Med_11,1,2024,Sur,Otoño,278,317,149.0,159.0
Med_11,1,2024,Oeste,Verano,294,258,16.0,-59.0
Med_11,1,2024,Norte,Primavera,111,111,-183.0,-147.0
Med_11,2,2024,Oeste,Verano,226,218,115.0,107.0
Med_11,3,2024,Sur,Otoño,63,187,-163.0,-31.0
Med_11,3,2024,Este,Invierno,57,103,-6.0,-84.0
Med_11,4,2024,Sur,Otoño,123,216,66.0,113.0
Med_11,5,2024,Norte,Otoño,215,143,92.0,-73.0
Med_11,6,2024,Este,Primavera,184,247,-31.0,104.0
Med_11,6,2024,Este,Verano,284,220,100.0,-27.0
Med_11,9,2024,Oeste,Invierno,198,250,-86.0,30.0
Med_11,10,2024,Oeste,Verano,236,247,38.0,-3.0
Med_11,11,2024,Oeste,Verano,253,262,17.0,15.0
Med_11,11,2024,Norte,Primavera,74,194,-179.0,-68.0
Med_11,11,2024,Este,Primavera,132,239,58.0,45.0
Med_11,12,2024,Oeste,Primavera,268,315,136.0,76.0
Med_11,12,2024,Sur,Primavera,139,206,-129.0,-109.0
Med_12,2,2023,Oeste,Otoño,56,89,0.0,0.0
Med_12,2,2023,Sur,Invierno,167,231,111.0,142.0
Med_12,2,2023,Sur,Verano,119,133,-48.0,-98.0
Med_12,3,2023,Sur,Invierno,106,263,-13.0,130.0
Med_12,4,2023,Norte,Otoño,288,84,182.0,-179.0
Med_12,4,2023,Este,Invierno,140,275,-148.0,191.0
Med_12,5,2023,Oeste,Primavera,200,312,60.0,37.0
Med_12,5,2023,Este,Otoño,66,171,-134.0,-141.0
Med_12,5,2023,Sur,Invierno,141,317,75.0,146.0
Med_12,5,2023,Sur,Otoño,101,180,-40.0,-137.0
Med_12,5,2023,Este,Otoño,215,171,114.0,-9.0
Med_12,5,2023,Sur,Verano,134,276,-81.0,105.0
Med_12,6,2023,Este,Verano,196,183,62.0,-93.0
Med_12,6,2023,Este,Verano,181,104,-15.0,-79.0
Med_12,7,2023,Sur,Invierno,205,257,24.0,153.0
Med_12,8,2023,Sur,Verano,51,103,-154.0,-154.0
Med_12,9,2023,Este,Verano,128,71,77.0,-32.0
Med_12,9,2023,Norte,Verano,256,41,128.0,-30.0
Med_12,9,2023,Sur,Primavera,189,58,-67.0,17.0
Med_12,9,2023,Sur,Primavera,55,185,-134.0,127.0
Med_12,9,2023,Oeste,Otoño,175,295,120.0,110.0
Med_12,9,2023,Sur,Invierno,110,58,-65.0,-237.0
Med_12,9,2023,Norte,Otoño,115,194,5.0,136.0
Med_12,10,2023,Este,Invierno,180,168,65.0,-26.0
Med_12,11,2023,Oeste,Primavera,147,293,-33.0,125.0
Med_12,12,2023,Sur,Invierno,117,56,-30.0,-237.0
Med_12,1,2024,Oeste,Verano,106,268,-11.0,212.0
Med_12,2,2024,Oeste,Otoño,205,280,99.0,12.0
Med_12,3,2024,Este,Verano,61,88,-144.0,-192.0
Med_12,3,2024,Este,Invierno,107,126,46.0,38.0
Med_12,3,2024,Norte,Invierno,233,64,126.0,-62.0
Med_12,4,2024,Norte,Invierno,244,310,11.0,246.0
Med_12,5,2024,Este,Invierno,54,161,-190.0,-149.0
Med_12,5,2024,Norte,Invierno,242,102,188.0,-59.0
Med_12,5,2024,Sur,Otoño,119,299,-123.0,197.0
Med_12,6,2024,Este,Verano,180,130,61.0,-169.0
Med_12,6,2024,Norte,Verano,283,265,103.0,135.0
Med_12,6,2024,Este,Otoño,202,256,-81.0,-9.0
Med_12,6,2024,Sur,Invierno,188,170,-14.0,-86.0
Med_12,6,2024,Este,Otoño,279,95,91.0,-75.0
Med_12,7,2024,Este,Invierno,223,55,-56.0,-40.0
Med_12,9,2024,Oeste,Primavera,197,315,-26.0,260.0
Med_12,9,2024,Este,Verano,256,245,59.0,-70.0
Med_12,9,2024,Este,Primavera,192,228,-64.0,-17.0
Med_12,10,2024,Este,Invierno,279,166,87.0,-62.0
Med_12,10,2024,Sur,Invierno,199,40,-80.0,-126.0
Med_12,10,2024,Oeste,Primavera,137,312,-62.0,272.0
Med_12,10,2024,Este,Otoño,70,256,-67.0,-56.0
Med_12,12,2024,Norte,Invierno,255,50,185.0,-206.0
Med_12,12,2024,Norte,Otoño,56,263,-199.0,213.0
Med_12,12,2024,Este,Primavera,74,165,18.0,-98.0
Med_13,1,2023,Sur,Verano,120,286,0.0,0.0
Med_13,1,2023,Sur,Verano,143,128,23.0,-158.0
Med_13,2,2023,Norte,Verano,177,234,34.0,106.0
Med_13,2,2023,Este,Verano,242,116,65.0,-118.0
Med_13,3,2023,Este,Otoño,72,91,-170.0,-25.0
Med_13,3,2023,Sur,Otoño,150,156,78.0,65.0
Med_13,4,2023,Este,Otoño,88,240,-62.0,84.0
Med_13,4,2023,Oeste,Invierno,284,278,196.0,38.0
Med_13,4,2023,Oeste,Verano,169,274,-115.0,-4.0
Med_13,5,2023,Oeste,Verano,94,42,-75.0,-232.0
Med_13,6,2023,Oeste,Verano,98,305,4.0,263.0
Med_13,6,2023,Sur,Verano,241,80,143.0,-225.0
Med_13,7,2023,Norte,Invierno,173,226,-68.0,146.0
Med_13,7,2023,Este,Verano,253,47,80.0,-179.0
Med_13,8,2023,Oeste,Verano,80,40,-173.0,-7.0
Med_13,9,2023,Sur,Primavera,111,180,31.0,140.0
Med_13,10,2023,Oeste,Invierno,290,73,179.0,-107.0
Med_13,10,2023,Norte,Primavera,284,164,-6.0,91.0
Med_13,11,2023,Oeste,Otoño,196,148,-88.0,-16.0
Med_13,11,2023,Norte,Otoño,209,69,13.0,-79.0
Med_13,11,2023,Oeste,Otoño,71,210,-138.0,141.0
Med_13,1,2024,Oeste,Otoño,96,317,25.0,107.0
Med_13,1,2024,Sur,Otoño,299,225,203.0,-92.0
Med_13,1,2024,Este,Invierno,62,103,-237.0,-122.0
Med_13,1,2024,Oeste,Verano,205,204,143.0,101.0
Med_13,1,2024,Norte,Otoño,255,197,50.0,-7.0
Med_13,2,2024,Sur,Invierno,52,117,-203.0,-80.0
Med_13,2,2024,Sur,Primavera,283,134,231.0,17.0
Med_13,3,2024,Sur,Otoño,172,223,-111.0,89.0
Med_13,3,2024,Este,Verano,132,185,-40.0,-38.0
Med_13,4,2024,Oeste,Primavera,87,308,-45.0,123.0
Med_13,4,2024,Oeste,Verano,273,147,186.0,-161.0
Med_13,5,2024,Norte,Invierno,71,229,-202.0,82.0
Med_13,5,2024,Norte,Verano,139,57,68.0,-172.0
Med_13,6,2024,Sur,Primavera,103,114,-36.0,57.0
Med_13,6,2024,Este,Invierno,159,229,56.0,115.0
Med_13,7,2024,Norte,Invierno,198,55,39.0,-174.0
Med_13,7,2024,Oeste,Primavera,191,234,-7.0,179.0
Med_13,8,2024,Sur,Invierno,224,301,33.0,67.0
Med_13,10,2024,Oeste,Primavera,207,135,-17.0,-166.0
Med_13,10,2024,Oeste,Primavera,271,239,64.0,104.0
Med_13,10,2024,Este,Otoño,159,78,-112.0,-161.0
Med_13,11,2024,Este,Verano,172,133,13.0,55.0
Med_13,11,2024,Oeste,Primavera,164,166,-8.0,33.0
Med_13,11,2024,Sur,Primavera,211,47,47.0,-119.0
Med_13,12,2024,Norte,Primavera,82,57,-129.0,10.0
Med_13,12,2024,Oeste,Otoño,268,123,186.0,66.0
Med_13,12,2024,Norte,Invierno,207,195,-61.0,72.0
Med_13,12,2024,Sur,Verano,51,251,-156.0,56.0
Med_14,1,2023,Este,Invierno,182,140,0.0,0.0
Med_14,1,2023,Oeste,Primavera,111,151,-71.0,11.0
Med_14,2,2023,Este,Otoño,96,212,-15.0,61.0
Med_14,2,2023,Norte,Invierno,267,243,171.0,31.0
Med_14,2,2023,Oeste,Invierno,258,105,-9.0,-138.0
Med_14,3,2023,Este,Primavera,92,310,-166.0,205.0
Med_14,3,2023,Sur,Verano,128,115,36.0,-195.0
Med_14,3,2023,Este,Primavera,167,220,39.0,105.0
Med_14,5,2023,Sur,Invierno,178,292,11.0,72.0
Med_14,5,2023,Sur,Verano,202,157,24.0,-135.0
Med_14,5,2023,Sur,Invierno,215,235,13.0,78.0
Med_14,6,2023,Sur,Invierno,88,220,-127.0,-15.0
Med_14,7,2023,Sur,Otoño,133,115,45.0,-105.0
Med_14,8,2023,Oeste,Primavera,187,83,54.0,-32.0
Med_14,9,2023,Sur,Invierno,215,82,28.0,-1.0
Med_14,11,2023,Sur,Verano,176,241,-39.0,159.0
Med_14,12,2023,Este,Otoño,124,222,-52.0,-19.0
Med_14,12,2023,Oeste,Invierno,156,70,32.0,-152.0
Med_14,12,2023,Oeste,Primavera,156,54,0.0,-16.0
Med_14,1,2024,Este,Verano,283,202,127.0,148.0
Med_14,1,2024,Oeste,Otoño,180,210,-103.0,8.0
Med_14,3,2024,Este,Primavera,68,262,-112.0,52.0
Med_14,3,2024,Este,Primavera,261,276,193.0,14.0
Med_14,3,2024,Norte,Invierno,244,150,-17.0,-126.0
Med_14,4,2024,Este,Primavera,57,308,-187.0,158.0
Med_14,5,2024,Norte,Verano,182,298,125.0,-10.0
Med_14,6,2024,Norte,Invierno,259,231,77.0,-67.0
Med_14,6,2024,Norte,Verano,251,57,-8.0,-174.0
Med_14,7,2024,Norte,Verano,218,259,-33.0,202.0
Med_14,7,2024,Norte,Otoño,171,117,-47.0,-142.0
Med_14,8,2024,Oeste,Otoño,200,106,29.0,-11.0
Med_14,8,2024,Este,Invierno,162,283,-38.0,177.0
Med_14,8,2024,Norte,Otoño,201,200,39.0,-83.0
Med_14,9,2024,Sur,Otoño,256,227,55.0,27.0
Med_14,11,2024,Sur,Invierno,287,79,31.0,-148.0
Med_14,11,2024,Sur,Otoño,55,234,-232.0,155.0
Med_14,11,2024,Oeste,Invierno,161,162,106.0,-72.0
Med_14,11,2024,Sur,Invierno,110,279,-51.0,117.0
Med_14,12,2024,Norte,Invierno,110,89,0.0,-190.0
Med_14,12,2024,Oeste,Otoño,274,227,164.0,138.0
Med_14,12,2024,Sur,Invierno,205,59,-69.0,-168.0
Med_15,1,2023,Oeste,Otoño,274,78,0.0,0.0
Med_15,1,2023,Este,Primavera,50,157,-224.0,79.0
Med_15,2,2023,Sur,Primavera,299,57,249.0,-100.0
Med_15,2,2023,Este,Primavera,258,84,-41.0,27.0
Med_15,3,2023,Este,Invierno,171,279,-87.0,195.0
Med_15,3,2023,Este,Otoño,77,308,-94.0,29.0
Med_15,4,2023,Sur,Invierno,263,138,186.0,-170.0
Med_15,4,2023,Oeste,Invierno,244,59,-19.0,-79.0
Med_15,4,2023,Sur,Primavera,282,226,38.0,167.0
Med_15,4,2023,Norte,Otoño,215,318,-67.0,92.0
Med_15,5,2023,Este,Otoño,128,69,-87.0,-249.0
Med_15,5,2023,Norte,Primavera,192,186,64.0,117.0
Med_15,6,2023,Norte,Verano,298,125,106.0,-61.0
Med_15,7,2023,Este,Primavera,161,104,-137.0,-21.0
Med_15,7,2023,Este,Verano,237,95,76.0,-9.0
Med_15,7,2023,Norte,Otoño,273,176,36.0,81.0
Med_15,8,2023,Norte,Primavera,147,140,-126.0,-36.0
Med_15,8,2023,Sur,Otoño,189,315,42.0,175.0
Med_15,10,2023,Norte,Otoño,196,297,7.0,-18.0
Med_15,10,2023,Sur,Verano,288,91,92.0,-206.0
Med_15,11,2023,Norte,Verano,94,276,-194.0,185.0
Med_15,12,2023,Sur,Otoño,268,247,174.0,-29.0
Med_15,12,2023,Sur,Primavera,292,202,24.0,-45.0
Med_15,12,2023,Este,Verano,115,185,-177.0,-17.0
Med_15,1,2024,Sur,Primavera,87,253,-28.0,68.0
Med_15,2,2024,Norte,Otoño,226,135,139.0,-118.0
Med_15,2,2024,Este,Invierno,164,112,-62.0,-23.0
Med_15,2,2024,Este,Invierno,124,259,-40.0,147.0
Med_15,5,2024,Oeste,Verano,69,208,-55.0,-51.0
Med_15,5,2024,Oeste,Primavera,219,107,150.0,-101.0
Med_15,6,2024,Este,Verano,106,97,-113.0,-10.0
Med_15,6,2024,Oeste,Otoño,76,285,-30.0,188.0
Med_15,6,2024,Oeste,Otoño,241,85,165.0,-200.0
Med_15,6,2024,Este,Invierno,193,47,-48.0,-38.0
Med_15,6,2024,Norte,Primavera,263,214,70.0,167.0
Med_15,6,2024,Este,Primavera,111,186,-152.0,-28.0
Med_15,7,2024,Norte,Otoño,245,215,134.0,29.0
Med_15,7,2024,Este,Invierno,215,202,-30.0,-13.0
Med_15,7,2024,Sur,Verano,71,81,-144.0,-121.0
Med_15,7,2024,Sur,Otoño,99,275,28.0,194.0
Med_15,7,2024,Este,Invierno,284,74,185.0,-201.0
Med_15,8,2024,Sur,Verano,102,52,-182.0,-22.0
Med_15,8,2024,Norte,Primavera,202,83,100.0,31.0
Med_15,8,2024,Norte,Otoño,107,234,-95.0,151.0
Med_15,8,2024,Sur,Otoño,58,300,-49.0,66.0
Med_15,9,2024,Sur,Primavera,283,230,225.0,-70.0
Med_15,9,2024,Sur,Primavera,70,218,-213.0,-12.0
Med_15,10,2024,Este,Verano,278,290,208.0,72.0
Med_15,10,2024,Norte,Primavera,111,159,-167.0,-131.0
Med_15,10,2024,Norte,Primavera,122,317,11.0,158.0
Med_15,10,2024,Oeste,Invierno,125,168,3.0,-149.0
Med_15,10,2024,Sur,Invierno,253,127,128.0,-41.0
Med_15,10,2024,Oeste,Primavera,274,283,21.0,156.0
Med_15,10,2024,Norte,Otoño,235,294,-39.0,11.0
Med_15,11,2024,Norte,Verano,289,112,54.0,-182.0
Med_15,12,2024,Oeste,Invierno,271,304,-18.0,192.0
Med_15,12,2024,Sur,Invierno,73,115,-198.0,-189.0
Med_16,1,2023,Norte,Invierno,96,98,0.0,0.0
Med_16,1,2023,Norte,Invierno,156,226,60.0,128.0
Med_16,2,2023,Oeste,Otoño,77,307,-79.0,81.0
Med_16,2,2023,Norte,Verano,134,306,57.0,-1.0
Med_16,2,2023,Oeste,Invierno,245,288,111.0,-18.0
Med_16,3,2023,Este,Otoño,213,289,-32.0,1.0
Med_16,3,2023,Este,Invierno,162,110,-51.0,-179.0
Med_16,5,2023,Oeste,Primavera,137,167,-25.0,57.0
Med_16,5,2023,Este,Verano,146,303,9.0,136.0
Med_16,5,2023,Este,Invierno,250,187,104.0,-116.0
Med_16,6,2023,Sur,Otoño,219,251,-31.0,64.0
Med_16,7,2023,Oeste,Otoño,117,229,-102.0,-22.0
Med_16,7,2023,Norte,Otoño,151,182,34.0,-47.0
Med_16,8,2023,Norte,Invierno,288,133,137.0,-49.0
Med_16,9,2023,Norte,Invierno,143,241,-145.0,108.0
Med_16,9,2023,Oeste,Otoño,105,74,-38.0,-167.0
Med_16,9,2023,Este,Otoño,231,150,126.0,76.0
Med_16,10,2023,Este,Primavera,204,267,-27.0,117.0
Med_16,11,2023,Este,Otoño,111,227,-93.0,-40.0
Med_16,11,2023,Norte,Primavera,227,67,116.0,-160.0
Med_16,1,2024,Este,Primavera,103,223,-124.0,156.0
Med_16,1,2024,Norte,Primavera,237,102,134.0,-121.0
Med_16,2,2024,Oeste,Verano,202,253,-35.0,151.0
Med_16,2,2024,Oeste,Otoño,225,202,23.0,-51.0
Med_16,2,2024,Oeste,Otoño,86,91,-139.0,-111.0
Med_16,2,2024,Este,Invierno,62,114,-24.0,23.0
Med_16,3,2024,Oeste,Verano,167,160,105.0,46.0
Med_16,4,2024,Oeste,Invierno,203,286,36.0,126.0
Med_16,4,2024,Norte,Otoño,88,163,-115.0,-123.0
Med_16,4,2024,Norte,Invierno,72,299,-16.0,136.0
Med_16,5,2024,Oeste,Invierno,88,181,16.0,-118.0
Med_16,6,2024,Norte,Verano,169,116,81.0,-65.0
Med_16,6,2024,Este,Verano,185,58,16.0,-58.0
Med_16,8,2024,Oeste,Primavera,99,184,-86.0,126.0
Med_16,8,2024,Sur,Otoño,286,229,187.0,45.0
Med_16,9,2024,Sur,Verano,263,128,-23.0,-101.0
Med_16,10,2024,Sur,Otoño,246,220,-17.0,92.0
Med_16,11,2024,Oeste,Verano,164,110,-82.0,-110.0
Med_16,11,2024,Norte,Invierno,96,49,-68.0,-61.0
Med_16,11,2024,Sur,Primavera,202,278,106.0,229.0
Med_16,11,2024,Oeste,Primavera,206,233,4.0,-45.0
Med_16,11,2024,Norte,Verano,218,284,12.0,51.0
Med_16,12,2024,Norte,Verano,111,171,-107.0,-113.0
Med_16,12,2024,Oeste,Primavera,132,115,21.0,-56.0
Med_17,1,2023,Oeste,Primavera,214,178,0.0,0.0
Med_17,1,2023,Sur,Primavera,71,157,-143.0,-21.0
Med_17,2,2023,Norte,Verano,66,145,-5.0,-12.0
Med_17,2,2023,Norte,Invierno,273,271,207.0,126.0
Med_17,4,2023,Oeste,Otoño,274,135,1.0,-136.0
Med_17,4,2023,Oeste,Invierno,114,182,-160.0,47.0
Med_17,4,2023,Sur,Invierno,124,96,10.0,-86.0
Med_17,4,2023,Oeste,Otoño,177,210,53.0,114.0
Med_17,5,2023,Sur,Invierno,206,94,29.0,-116.0
Med_17,5,2023,Sur,Verano,284,254,78.0,160.0
Med_17,6,2023,Norte,Primavera,295,134,11.0,-120.0
Med_17,7,2023,Oeste,Otoño,228,238,-67.0,104.0
Med_17,8,2023,Norte,Invierno,76,125,-152.0,-113.0
Med_17,9,2023,Oeste,Otoño,182,99,106.0,-26.0
Med_17,9,2023,Este,Otoño,98,185,-84.0,86.0
Med_17,9,2023,Este,Invierno,257,126,159.0,-59.0
Med_17,10,2023,Oeste,Invierno,245,155,-12.0,29.0
Med_17,10,2023,Este,Verano,82,214,-163.0,59.0
Med_17,10,2023,Este,Primavera,232,57,150.0,-157.0
Med_17,11,2023,Sur,Verano,147,45,-85.0,-12.0
Med_17,11,2023,Norte,Primavera,228,134,81.0,89.0
Med_17,11,2023,Norte,Primavera,195,282,-33.0,148.0
Med_17,12,2023,Sur,Invierno,140,231,-55.0,-51.0
Med_17,12,2023,Norte,Verano,235,221,95.0,-10.0
Med_17,12,2023,Sur,Invierno,193,312,-42.0,91.0
Med_17,1,2024,Sur,Primavera,169,50,-24.0,-262.0
Med_17,1,2024,Este,Invierno,170,223,1.0,173.0
Med_17,1,2024,Norte,Invierno,295,61,125.0,-162.0
Med_17,1,2024,Este,Otoño,272,149,-23.0,88.0
Med_17,2,2024,Norte,Verano,209,187,-63.0,38.0
Med_17,3,2024,Este,Primavera,86,98,-123.0,-89.0
Med_17,4,2024,Este,Primavera,70,184,-16.0,86.0
Med_17,4,2024,Norte,Otoño,92,45,22.0,-139.0
Med_17,5,2024,Norte,Primavera,223,151,131.0,106.0
Med_17,5,2024,Norte,Primavera,185,203,-38.0,52.0
Med_17,6,2024,Norte,Invierno,108,188,-77.0,-15.0
Med_17,6,2024,Este,Verano,227,201,119.0,13.0
Med_17,6,2024,Este,Otoño,292,82,65.0,-119.0
Med_17,6,2024,Este,Invierno,144,217,-148.0,135.0
Med_17,7,2024,Oeste,Invierno,196,258,52.0,41.0
Med_17,7,2024,Norte,Verano,297,152,101.0,-106.0
Med_17,8,2024,Este,Otoño,293,158,-4.0,6.0
Med_17,8,2024,Oeste,Invierno,255,64,-38.0,-94.0
Med_17,9,2024,Oeste,Invierno,157,272,-98.0,208.0
Med_17,9,2024,Este,Otoño,130,236,-27.0,-36.0
Med_17,10,2024,Sur,Primavera,145,260,15.0,24.0
Med_17,10,2024,Norte,Invierno,172,247,27.0,-13.0
Med_17,10,2024,Oeste,Otoño,211,155,39.0,-92.0
Med_17,11,2024,Sur,Primavera,110,164,-101.0,9.0
Med_17,12,2024,Norte,Otoño,171,113,61.0,-51.0
Med_17,12,2024,Norte,Primavera,69,281,-102.0,168.0
Med_17,12,2024,Sur,Otoño,231,49,162.0,-232.0
Med_17,12,2024,Norte,Primavera,183,295,-48.0,246.0
Med_17,12,2024,Norte,Primavera,256,269,73.0,-26.0
Med_17,12,2024,Norte,Otoño,174,256,-82.0,-13.0
Med_18,1,2023,Este,Primavera,118,229,0.0,0.0
Med_18,1,2023,Oeste,Invierno,160,289,42.0,60.0
Med_18,2,2023,Oeste,Primavera,194,262,34.0,-27.0
Med_18,2,2023,Oeste,Primavera,243,265,49.0,3.0
Med_18,3,2023,Norte,Otoño,126,247,-117.0,-18.0
Med_18,4,2023,Sur,Otoño,132,95,6.0,-152.0
Med_18,4,2023,Norte,Primavera,200,290,68.0,195.0
Med_18,4,2023,Este,Otoño,106,135,-94.0,-155.0
Med_18,9,2023,Norte,Invierno,294,64,188.0,-71.0
Med_18,9,2023,Oeste,Invierno,62,180,-232.0,116.0
Med_18,11,2023,Oeste,Primavera,194,195,132.0,15.0
Med_18,12,2023,Este,Otoño,295,164,101.0,-31.0
Med_18,12,2023,Norte,Otoño,234,221,-61.0,57.0
Med_18,12,2023,Este,Invierno,133,85,-101.0,-136.0
Med_18,1,2024,Norte,Verano,122,100,-11.0,15.0
Med_18,1,2024,Sur,Verano,134,280,12.0,180.0
Med_18,1,2024,Norte,Verano,79,264,-55.0,-16.0
Med_18,2,2024,Sur,Verano,156,259,77.0,-5.0
Med_18,2,2024,Este,Primavera,78,151,-78.0,-108.0
Med_18,2,2024,Oeste,Primavera,66,260,-12.0,109.0
Med_18,2,2024,Oeste,Primavera,218,198,152.0,-62.0
Med_18,3,2024,Norte,Invierno,62,307,-156.0,109.0
Med_18,4,2024,Oeste,Invierno,81,188,19.0,-119.0
Med_18,4,2024,Este,Primavera,174,109,93.0,-79.0
Med_18,6,2024,Oeste,Invierno,297,61,123.0,-48.0
Med_18,7,2024,Norte,Invierno,254,214,-43.0,153.0
Med_18,8,2024,Norte,Verano,179,168,-75.0,-46.0
Med_18,9,2024,Norte,Verano,148,126,-31.0,-42.0
Med_18,9,2024,Oeste,Verano,97,299,-51.0,173.0
Med_18,10,2024,Sur,Otoño,162,76,65.0,-223.0
Med_18,10,2024,Sur,Primavera,292,236,130.0,160.0
Med_18,10,2024,Oeste,Primavera,106,85,-186.0,-151.0
Med_18,11,2024,Norte,Otoño,224,302,118.0,217.0
Med_18,11,2024,Oeste,Invierno,232,310,8.0,8.0
Med_18,12,2024,Sur,Invierno,293,132,61.0,-178.0
Med_18,12,2024,Norte,Invierno,260,238,-33.0,106.0
Med_19,1,2023,Sur,Invierno,122,144,0.0,0.0
Med_19,1,2023,Norte,Invierno,97,105,-25.0,-39.0
Med_19,2,2023,Oeste,Primavera,244,203,147.0,98.0
Med_19,2,2023,Oeste,Primavera,225,317,-19.0,114.0
Med_19,3,2023,Sur,Invierno,250,45,25.0,-272.0
Med_19,4,2023,Este,Verano,219,286,-31.0,241.0
Med_19,5,2023,Sur,Otoño,213,312,-6.0,26.0
Med_19,5,2023,Norte,Primavera,210,215,-3.0,-97.0
Med_19,5,2023,Este,Invierno,76,278,-134.0,63.0
Med_19,7,2023,Sur,Otoño,188,230,112.0,-48.0
Med_19,7,2023,Oeste,Otoño,110,110,-78.0,-120.0
Med_19,8,2023,Norte,Otoño,153,183,43.0,73.0
Med_19,8,2023,Norte,Otoño,140,140,-13.0,-43.0
Med_19,8,2023,Este,Otoño,184,193,44.0,53.0
Med_19,9,2023,Sur,Verano,220,293,36.0,100.0
Med_19,9,2023,Oeste,Primavera,116,228,-104.0,-65.0
Med_19,9,2023,Norte,Primavera,93,54,-23.0,-174.0
Med_19,10,2023,Este,Otoño,178,252,85.0,198.0
Med_19,10,2023,Sur,Invierno,174,114,-4.0,-138.0
Med_19,10,2023,Norte,Invierno,227,141,53.0,27.0
Med_19,11,2023,Oeste,Primavera,135,107,-92.0,-34.0
Med_19,11,2023,Norte,Invierno,197,54,62.0,-53.0
Med_19,12,2023,Este,Primavera,206,202,9.0,148.0
Med_19,12,2023,Este,Invierno,60,138,-146.0,-64.0
Med_19,12,2023,Oeste,Otoño,136,68,76.0,-70.0
Med_19,1,2024,Oeste,Otoño,244,123,108.0,55.0
Med_19,1,2024,Oeste,Verano,269,143,25.0,20.0
Med_19,1,2024,Sur,Invierno,193,288,-76.0,145.0
Med_19,2,2024,Sur,Verano,165,198,-28.0,-90.0
Med_19,2,2024,Oeste,Invierno,178,154,13.0,-44.0
Med_19,2,2024,Sur,Invierno,244,257,66.0,103.0
Med_19,3,2024,Oeste,Otoño,199,210,-45.0,-47.0
Med_19,3,2024,Sur,Verano,176,103,-23.0,-107.0
Med_19,3,2024,Norte,Primavera,252,61,76.0,-42.0
Med_19,4,2024,Este,Otoño,226,310,-26.0,249.0
Med_19,4,2024,Este,Invierno,206,212,-20.0,-98.0
Med_19,4,2024,Norte,Verano,100,174,-106.0,-38.0
Med_19,5,2024,Sur,Primavera,180,111,80.0,-63.0
Med_19,5,2024,Norte,Verano,213,64,33.0,-47.0
Med_19,5,2024,Oeste,Invierno,88,143,-125.0,79.0
Med_19,6,2024,Este,Invierno,95,232,7.0,89.0
Med_19,6,2024,Este,Invierno,152,69,57.0,-163.0
Med_19,6,2024,Este,Otoño,197,133,45.0,64.0
Med_19,7,2024,Sur,Verano,89,232,-108.0,99.0
Med_19,8,2024,Norte,Primavera,264,257,175.0,25.0
Med_19,8,2024,Este,Verano,236,64,-28.0,-193.0
Med_19,8,2024,Oeste,Otoño,290,45,54.0,-19.0
Med_19,9,2024,Sur,Invierno,128,176,-162.0,131.0
Med_19,10,2024,Este,Invierno,238,200,110.0,24.0
Med_19,10,2024,Norte,Invierno,188,173,-50.0,-27.0
Med_19,11,2024,Oeste,Verano,196,278,8.0,105.0
Med_19,11,2024,Norte,Invierno,67,79,-129.0,-199.0
Med_19,11,2024,Norte,Verano,231,290,164.0,211.0
Med_19,12,2024,Este,Verano,121,315,-110.0,25.0
Med_19,12,2024,Este,Verano,286,97,165.0,-218.0
Med_2,1,2023,Norte,Invierno,121,99,0.0,0.0
Med_2,1,2023,Oeste,Primavera,222,226,101.0,127.0
Med_2,1,2023,Sur,Invierno,85,240,-137.0,14.0
Med_2,1,2023,Este,Invierno,117,125,32.0,-115.0
Med_2,2,2023,Este,Primavera,113,251,-4.0,126.0
Med_2,3,2023,Oeste,Primavera,134,283,21.0,32.0
Med_2,3,2023,Sur,Verano,172,199,38.0,-84.0
Med_2,5,2023,Oeste,Invierno,236,210,64.0,11.0
Med_2,5,2023,Oeste,Verano,208,69,-28.0,-141.0
Med_2,6,2023,Oeste,Verano,108,221,-100.0,152.0
Med_2,6,2023,Norte,Otoño,293,245,185.0,24.0
Med_2,7,2023,Oeste,Invierno,199,288,-94.0,43.0
Med_2,7,2023,Este,Invierno,129,202,-70.0,-86.0
Med_2,7,2023,Norte,Otoño,195,86,66.0,-116.0
Med_2,8,2023,Norte,Otoño,78,83,-117.0,-3.0
Med_2,8,2023,Norte,Otoño,76,249,-2.0,166.0
Med_2,9,2023,Sur,Primavera,264,190,188.0,-59.0
Med_2,10,2023,Este,Invierno,112,150,-152.0,-40.0
Med_2,10,2023,Este,Otoño,262,142,150.0,-8.0
Med_2,12,2023,Sur,Primavera,163,242,-99.0,100.0
Med_2,1,2024,Oeste,Otoño,273,157,110.0,-85.0
Med_2,1,2024,Este,Verano,141,201,-132.0,44.0
Med_2,1,2024,Oeste,Verano,278,181,137.0,-20.0
Med_2,2,2024,Este,Verano,54,169,-224.0,-12.0
Med_2,2,2024,Sur,Verano,232,252,178.0,83.0
Med_2,3,2024,Sur,Otoño,209,61,-23.0,-191.0
Med_2,4,2024,Sur,Verano,245,158,36.0,97.0
Med_2,4,2024,Este,Verano,275,75,30.0,-83.0
Med_2,4,2024,Oeste,Otoño,199,162,-76.0,87.0
Med_2,5,2024,Oeste,Verano,77,276,-122.0,114.0
Med_2,5,2024,Oeste,Otoño,158,237,81.0,-39.0
Med_2,5,2024,Oeste,Otoño,269,123,111.0,-114.0
Med_2,6,2024,Oeste,Primavera,169,305,-100.0,182.0
Med_2,6,2024,Este,Invierno,203,219,34.0,-86.0
Med_2,6,2024,Norte,Verano,185,128,-18.0,-91.0
Med_2,8,2024,Norte,Verano,138,261,-47.0,133.0
Med_2,8,2024,Norte,Invierno,185,268,47.0,7.0
Med_2,9,2024,Sur,Primavera,132,240,-53.0,-28.0
Med_2,9,2024,Oeste,Primavera,147,276,15.0,36.0
Med_2,9,2024,Oeste,Primavera,187,188,40.0,-88.0
Med_2,9,2024,Norte,Invierno,231,112,44.0,-76.0
Med_2,9,2024,Norte,Verano,85,285,-146.0,173.0
Med_2,10,2024,Sur,Primavera,263,251,178.0,-34.0
Med_2,10,2024,Oeste,Verano,97,115,-166.0,-136.0
Med_2,10,2024,Este,Verano,227,48,130.0,-67.0
Med_2,11,2024,Oeste,Invierno,261,249,34.0,201.0
Med_2,12,2024,Este,Invierno,244,250,-17.0,1.0
Med_2,12,2024,Este,Otoño,109,67,-135.0,-183.0
Med_20,2,2023,Sur,Primavera,62,295,0.0,0.0
Med_20,2,2023,Norte,Invierno,187,95,125.0,-200.0
Med_20,2,2023,Este,Primavera,243,299,56.0,204.0
Med_20,5,2023,Sur,Verano,255,255,12.0,-44.0
Med_20,5,2023,Norte,Otoño,83,144,-172.0,-111.0
Med_20,5,2023,Sur,Invierno,225,232,142.0,88.0
Med_20,6,2023,Sur,Otoño,187,245,-38.0,13.0
Med_20,7,2023,Este,Primavera,212,77,25.0,-168.0
Med_20,7,2023,Este,Primavera,234,248,22.0,171.0
Med_20,7,2023,Norte,Otoño,75,314,-159.0,66.0
Med_20,7,2023,Oeste,Invierno,158,299,83.0,-15.0
Med_20,8,2023,Sur,Primavera,157,258,-1.0,-41.0
Med_20,8,2023,Sur,Primavera,217,223,60.0,-35.0
Med_20,8,2023,Oeste,Primavera,201,282,-16.0,59.0
Med_20,8,2023,Norte,Verano,226,105,25.0,-177.0
Med_20,9,2023,Este,Invierno,264,263,38.0,158.0
Med_20,10,2023,Sur,Otoño,138,245,-126.0,-18.0
Med_20,10,2023,Oeste,Verano,97,277,-41.0,32.0
Med_20,11,2023,Este,Primavera,122,52,25.0,-225.0
Med_20,11,2023,Este,Otoño,149,179,27.0,127.0
Med_20,11,2023,Este,Primavera,255,301,106.0,122.0
Med_20,11,2023,Oeste,Verano,178,111,-77.0,-190.0
Med_20,11,2023,Norte,Invierno,112,104,-66.0,-7.0
Med_20,11,2023,Sur,Otoño,108,208,-4.0,104.0
Med_20,12,2023,Sur,Primavera,220,61,112.0,-147.0
Med_20,12,2023,Este,Verano,54,318,-166.0,257.0
Med_20,12,2023,Oeste,Verano,236,84,182.0,-234.0
Med_20,1,2024,Norte,Primavera,98,142,-138.0,58.0
Med_20,2,2024,Oeste,Otoño,186,269,88.0,127.0
Med_20,2,2024,Oeste,Invierno,129,186,-57.0,-83.0
Med_20,3,2024,Norte,Primavera,297,122,168.0,-64.0
Med_20,4,2024,Este,Primavera,66,291,-231.0,169.0
Med_20,5,2024,Este,Primavera,212,110,146.0,-181.0
Med_20,6,2024,Sur,Verano,69,153,-143.0,43.0
Med_20,6,2024,Este,Verano,122,231,53.0,78.0
Med_20,6,2024,Oeste,Verano,168,302,46.0,71.0
Med_20,7,2024,Norte,Otoño,173,177,5.0,-125.0
Med_20,7,2024,Este,Primavera,159,175,-14.0,-2.0
Med_20,8,2024,Sur,Invierno,295,248,136.0,73.0
Med_20,8,2024,Oeste,Invierno,182,304,-113.0,56.0
Med_20,8,2024,Oeste,Verano,199,161,17.0,-143.0
Med_20,8,2024,Sur,Otoño,92,305,-107.0,144.0
Med_20,10,2024,Norte,Invierno,286,223,194.0,-82.0
Med_20,10,2024,Este,Verano,287,219,1.0,-4.0
Med_20,10,2024,Este,Invierno,180,229,-107.0,10.0
Med_20,10,2024,Este,Primavera,87,227,-93.0,-2.0
Med_20,10,2024,Oeste,Verano,51,220,-36.0,-7.0
Med_3,1,2023,Este,Otoño,126,109,0.0,0.0
Med_3,1,2023,Norte,Primavera,69,194,-57.0,85.0
Med_3,2,2023,Este,Primavera,217,115,148.0,-79.0
Med_3,2,2023,Norte,Invierno,108,59,-109.0,-56.0
Med_3,3,2023,Sur,Verano,124,75,16.0,16.0
Med_3,3,2023,Este,Otoño,67,318,-57.0,243.0
Med_3,4,2023,Norte,Otoño,251,134,184.0,-184.0
Med_3,4,2023,Sur,Otoño,166,155,-85.0,21.0
Med_3,4,2023,Norte,Verano,149,306,-17.0,151.0
Med_3,6,2023,Sur,Verano,111,180,-38.0,-126.0
Med_3,7,2023,Oeste,Verano,242,314,131.0,134.0
Med_3,7,2023,Sur,Primavera,255,169,13.0,-145.0
Med_3,9,2023,Este,Primavera,270,51,15.0,-118.0
Med_3,9,2023,Norte,Verano,108,78,-162.0,27.0
Med_3,9,2023,Oeste,Verano,133,179,25.0,101.0
Med_3,10,2023,Sur,Otoño,57,281,-76.0,102.0
Med_3,11,2023,Norte,Invierno,219,276,162.0,-5.0
Med_3,11,2023,Este,Verano,244,169,25.0,-107.0
Med_3,12,2023,Este,Primavera,132,260,-112.0,91.0
Med_3,12,2023,Este,Verano,183,290,51.0,30.0
Med_3,12,2023,Norte,Primavera,222,116,39.0,-174.0
Med_3,1,2024,Oeste,Invierno,233,91,11.0,-25.0
Med_3,1,2024,Sur,Otoño,246,92,13.0,1.0
Med_3,1,2024,Sur,Primavera,276,213,30.0,121.0
Med_3,1,2024,Sur,Primavera,231,290,-45.0,77.0
Med_3,2,2024,Norte,Otoño,118,226,-113.0,-64.0
Med_3,2,2024,Este,Otoño,291,53,173.0,-173.0
Med_3,2,2024,Sur,Invierno,288,145,-3.0,92.0
Med_3,2,2024,Norte,Otoño,153,138,-135.0,-7.0
Med_3,2,2024,Sur,Invierno,281,132,128.0,-6.0
Med_3,2,2024,Norte,Otoño,204,124,-77.0,-8.0
Med_3,3,2024,Sur,Verano,110,214,-94.0,90.0
Med_3,3,2024,Sur,Invierno,107,244,-3.0,30.0
Med_3,3,2024,Norte,Primavera,253,51,146.0,-193.0
Med_3,4,2024,Este,Primavera,196,227,-57.0,176.0
Med_3,4,2024,Este,Verano,176,134,-20.0,-93.0
Med_3,5,2024,Este,Verano,55,111,-121.0,-23.0
Med_3,5,2024,Oeste,Primavera,245,83,190.0,-28.0
Med_3,5,2024,Sur,Otoño,219,147,-26.0,64.0
Med_3,6,2024,Oeste,Invierno,251,134,32.0,-13.0
Med_3,6,2024,Este,Primavera,270,240,19.0,106.0
Med_3,6,2024,Sur,Otoño,78,140,-192.0,-100.0
Med_3,7,2024,Oeste,Otoño,258,242,180.0,102.0
Med_3,7,2024,Oeste,Invierno,233,272,-25.0,30.0
Med_3,8,2024,Este,Verano,103,247,-130.0,-25.0
Med_3,8,2024,Oeste,Verano,172,97,69.0,-150.0
Med_3,8,2024,Oeste,Primavera,175,311,3.0,214.0
Med_3,8,2024,Este,Invierno,298,174,123.0,-137.0
Med_3,9,2024,Oeste,Otoño,162,276,-136.0,102.0
Med_3,9,2024,Este,Verano,229,112,67.0,-164.0
Med_3,9,2024,Norte,Invierno,114,266,-115.0,154.0
Med_3,9,2024,Sur,Invierno,158,260,44.0,-6.0
Med_3,9,2024,Norte,Verano,110,212,-48.0,-48.0
Med_3,10,2024,Este,Primavera,56,178,-54.0,-34.0
Med_3,10,2024,Oeste,Primavera,156,44,100.0,-134.0
Med_3,11,2024,Oeste,Verano,149,133,-7.0,89.0
Med_3,11,2024,Norte,Verano,163,45,14.0,-88.0
Med_3,12,2024,Sur,Invierno,52,296,-111.0,251.0
Med_4,1,2023,Sur,Verano,75,66,0.0,0.0
Med_4,1,2023,Oeste,Invierno,153,106,78.0,40.0
Med_4,2,2023,Norte,Verano,84,71,-69.0,-35.0
Med_4,2,2023,Oeste,Otoño,250,87,166.0,16.0
Med_4,2,2023,Este,Invierno,161,265,-89.0,178.0
Med_4,3,2023,Norte,Verano,189,43,28.0,-222.0
Med_4,3,2023,Norte,Verano,146,317,-43.0,274.0
Med_4,3,2023,Oeste,Verano,178,184,32.0,-133.0
Med_4,3,2023,Oeste,Otoño,179,319,1.0,135.0
Med_4,3,2023,Sur,Otoño,124,285,-55.0,-34.0
Med_4,3,2023,Sur,Otoño,165,153,41.0,-132.0
Med_4,4,2023,Este,Verano,82,277,-83.0,124.0
Med_4,4,2023,Oeste,Otoño,126,256,44.0,-21.0
Med_4,5,2023,Oeste,Primavera,215,294,89.0,38.0
Med_4,5,2023,Norte,Verano,119,306,-96.0,12.0
Med_4,6,2023,Norte,Invierno,228,149,109.0,-157.0
Med_4,7,2023,Oeste,Invierno,103,93,-125.0,-56.0
Med_4,7,2023,Este,Primavera,111,314,8.0,221.0
Med_4,7,2023,Este,Verano,251,310,140.0,-4.0
Med_4,9,2023,Este,Verano,161,306,-90.0,-4.0
Med_4,9,2023,Sur,Otoño,75,176,-86.0,-130.0
Med_4,10,2023,Este,Primavera,186,210,111.0,34.0
Med_4,10,2023,Este,Primavera,142,134,-44.0,-76.0
Med_4,10,2023,Oeste,Otoño,57,55,-85.0,-79.0
Med_4,11,2023,Este,Verano,172,303,115.0,248.0
Med_4,12,2023,Oeste,Verano,251,171,79.0,-132.0
Med_4,12,2023,Este,Primavera,188,274,-63.0,103.0
Med_4,1,2024,Sur,Invierno,142,175,-46.0,-99.0
Med_4,1,2024,Sur,Otoño,85,199,-57.0,24.0
Med_4,2,2024,Oeste,Verano,182,298,97.0,99.0
Med_4,2,2024,Oeste,Verano,199,122,17.0,-176.0
Med_4,2,2024,Sur,Otoño,230,134,31.0,12.0
Med_4,2,2024,Oeste,Primavera,236,195,6.0,61.0
Med_4,2,2024,Este,Invierno,218,254,-18.0,59.0
Med_4,2,2024,Oeste,Invierno,210,317,-8.0,63.0
Med_4,3,2024,Oeste,Primavera,210,247,0.0,-70.0
Med_4,4,2024,Este,Primavera,159,312,-51.0,65.0
Med_4,5,2024,Oeste,Invierno,112,316,-47.0,4.0
Med_4,6,2024,Oeste,Otoño,104,247,-8.0,-69.0
Med_4,6,2024,Este,Invierno,129,84,25.0,-163.0
Med_4,6,2024,Sur,Verano,235,82,106.0,-2.0
Med_4,7,2024,Este,Primavera,97,266,-138.0,184.0
Med_4,7,2024,Sur,Invierno,159,234,62.0,-32.0
Med_4,7,2024,Oeste,Primavera,279,262,120.0,28.0
Med_4,7,2024,Norte,Invierno,195,145,-84.0,-117.0
Med_4,9,2024,Este,Primavera,153,309,-42.0,164.0
Med_4,9,2024,Norte,Invierno,118,204,-35.0,-105.0
Med_4,10,2024,Sur,Verano,274,191,156.0,-13.0
Med_4,11,2024,Sur,Otoño,219,136,-55.0,-55.0
Med_4,11,2024,Norte,Invierno,296,126,77.0,-10.0
Med_4,11,2024,Sur,Otoño,121,57,-175.0,-69.0
Med_4,12,2024,Este,Otoño,127,135,6.0,78.0
Med_5,1,2023,Este,Primavera,68,285,0.0,0.0
Med_5,1,2023,Este,Invierno,236,150,168.0,-135.0
Med_5,1,2023,Norte,Otoño,97,285,-139.0,135.0
Med_5,2,2023,Este,Verano,51,151,-46.0,-134.0
Med_5,2,2023,Norte,Invierno,266,241,215.0,90.0
Med_5,2,2023,Este,Invierno,178,52,-88.0,-189.0
Med_5,4,2023,Sur,Invierno,206,309,28.0,257.0
Med_5,5,2023,Norte,Verano,197,250,-9.0,-59.0
Med_5,5,2023,Sur,Verano,71,310,-126.0,60.0
Med_5,5,2023,Sur,Invierno,212,50,141.0,-260.0
Med_5,5,2023,Este,Invierno,249,259,37.0,209.0
Med_5,6,2023,Oeste,Invierno,114,145,-135.0,-114.0
Med_5,6,2023,Norte,Invierno,282,92,168.0,-53.0
Med_5,6,2023,Norte,Invierno,224,124,-58.0,32.0
Med_5,7,2023,Sur,Verano,168,310,-56.0,186.0
Med_5,7,2023,Oeste,Verano,205,230,37.0,-80.0
Med_5,7,2023,Norte,Otoño,273,227,68.0,-3.0
Med_5,8,2023,Norte,Verano,83,268,-190.0,41.0
Med_5,8,2023,Sur,Otoño,160,216,77.0,-52.0
Med_5,8,2023,Este,Invierno,68,182,-92.0,-34.0
Med_5,8,2023,Sur,Otoño,107,198,39.0,16.0
Med_5,8,2023,Sur,Invierno,258,86,151.0,-112.0
Med_5,8,2023,Norte,Verano,113,215,-145.0,129.0
Med_5,8,2023,Norte,Invierno,70,290,-43.0,75.0
Med_5,8,2023,Este,Otoño,227,93,157.0,-197.0
Med_5,9,2023,Sur,Invierno,169,190,-58.0,97.0
Med_5,9,2023,Este,Invierno,206,245,37.0,55.0
Med_5,9,2023,Norte,Primavera,124,271,-82.0,26.0
Med_5,10,2023,Oeste,Verano,226,140,102.0,-131.0
Med_5,11,2023,Norte,Invierno,294,190,68.0,50.0
Med_5,11,2023,Este,Otoño,255,265,-39.0,75.0
Med_5,1,2024,Oeste,Invierno,232,99,-23.0,-166.0
Med_5,1,2024,Sur,Invierno,246,129,14.0,30.0
Med_5,2,2024,Norte,Otoño,269,129,23.0,0.0
Med_5,2,2024,Sur,Verano,153,149,-116.0,20.0
Med_5,2,2024,Sur,Invierno,84,78,-69.0,-71.0
Med_5,3,2024,Sur,Primavera,257,138,173.0,60.0
Med_5,3,2024,Este,Otoño,243,57,-14.0,-81.0
Med_5,3,2024,Sur,Otoño,106,86,-137.0,29.0
Med_5,3,2024,Norte,Primavera,222,264,116.0,178.0
Med_5,5,2024,Sur,Invierno,267,170,45.0,-94.0
Med_5,5,2024,Sur,Primavera,111,105,-156.0,-65.0
Med_5,5,2024,Norte,Invierno,123,50,12.0,-55.0
Med_5,6,2024,Oeste,Invierno,64,203,-59.0,153.0
Med_5,6,2024,Este,Verano,167,190,103.0,-13.0
Med_5,6,2024,Este,Primavera,213,135,46.0,-55.0
Med_5,6,2024,Norte,Invierno,187,151,-26.0,16.0
Med_5,7,2024,Oeste,Otoño,149,307,-38.0,156.0
Med_5,8,2024,Este,Primavera,81,229,-68.0,-78.0
Med_5,8,2024,Este,Otoño,192,93,111.0,-136.0
Med_5,8,2024,Norte,Invierno,150,190,-42.0,97.0
Med_5,8,2024,Sur,Verano,260,286,110.0,96.0
Med_5,9,2024,Norte,Verano,110,47,-150.0,-239.0
Med_5,9,2024,Sur,Otoño,105,139,-5.0,92.0
Med_5,9,2024,Este,Invierno,72,161,-33.0,22.0
Med_5,9,2024,Norte,Otoño,293,71,221.0,-90.0
Med_5,9,2024,Norte,Verano,177,214,-116.0,143.0
Med_5,10,2024,Norte,Primavera,171,203,-6.0,-11.0
Med_5,10,2024,Oeste,Otoño,114,68,-57.0,-135.0
Med_5,10,2024,Oeste,Primavera,108,40,-6.0,-28.0
Med_5,11,2024,Este,Invierno,145,233,37.0,193.0
Med_5,12,2024,Oeste,Invierno,251,236,106.0,3.0
Med_5,12,2024,Norte,Verano,85,221,-166.0,-15.0
Med_5,12,2024,Norte,Verano,220,51,135.0,-170.0
Med_6,1,2023,Norte,Invierno,288,234,0.0,0.0
Med_6,2,2023,Este,Otoño,106,70,-182.0,-164.0
Med_6,2,2023,Norte,Primavera,52,240,-54.0,170.0
Med_6,3,2023,Este,Primavera,206,52,154.0,-188.0
Med_6,3,2023,Oeste,Invierno,115,150,-91.0,98.0
Med_6,3,2023,Este,Verano,266,309,151.0,159.0
Med_6,4,2023,Oeste,Otoño,128,254,-138.0,-55.0
Med_6,5,2023,Sur,Otoño,195,224,67.0,-30.0
Med_6,6,2023,Oeste,Verano,297,304,102.0,80.0
Med_6,6,2023,Oeste,Primavera,207,111,-90.0,-193.0
Med_6,6,2023,Oeste,Verano,279,145,72.0,34.0
Med_6,8,2023,Oeste,Invierno,151,188,-128.0,43.0
Med_6,8,2023,Oeste,Otoño,98,187,-53.0,-1.0
Med_6,9,2023,Oeste,Verano,207,70,109.0,-117.0
Med_6,11,2023,Norte,Otoño,65,168,-142.0,98.0
Med_6,11,2023,Norte,Otoño,131,285,66.0,117.0
Med_6,11,2023,Norte,Primavera,258,237,127.0,-48.0
Med_6,12,2023,Norte,Invierno,228,83,-30.0,-154.0
Med_6,12,2023,Este,Verano,190,56,-38.0,-27.0
Med_6,1,2024,Sur,Invierno,53,205,-137.0,149.0
Med_6,1,2024,Norte,Invierno,193,44,140.0,-161.0
Med_6,1,2024,Este,Invierno,183,203,-10.0,159.0
Med_6,2,2024,Norte,Primavera,227,247,44.0,44.0
Med_6,2,2024,Oeste,Otoño,107,270,-120.0,23.0
Med_6,3,2024,Sur,Primavera,271,47,164.0,-223.0
Med_6,3,2024,Este,Otoño,87,46,-184.0,-1.0
Med_6,4,2024,Norte,Invierno,238,64,151.0,18.0
Med_6,5,2024,Este,Otoño,94,81,-144.0,17.0
Med_6,5,2024,Este,Invierno,113,309,19.0,228.0
Med_6,6,2024,Este,Primavera,120,83,7.0,-226.0
Med_6,6,2024,Oeste,Invierno,231,126,111.0,43.0
Med_6,7,2024,Norte,Invierno,144,270,-87.0,144.0
Med_6,7,2024,Oeste,Primavera,64,127,-80.0,-143.0
Med_6,7,2024,Este,Otoño,204,246,140.0,119.0
Med_6,7,2024,Norte,Invierno,84,162,-120.0,-84.0
Med_6,7,2024,Sur,Verano,108,236,24.0,74.0
Med_6,8,2024,Oeste,Verano,53,150,-55.0,-86.0
Med_6,8,2024,Norte,Verano,69,227,16.0,77.0
Med_6,10,2024,Este,Invierno,104,205,35.0,-22.0
Med_6,10,2024,Sur,Otoño,110,43,6.0,-162.0
Med_6,10,2024,Oeste,Verano,148,292,38.0,249.0
Med_6,10,2024,Este,Primavera,198,210,50.0,-82.0
Med_6,11,2024,Oeste,Primavera,173,89,-25.0,-121.0
Med_6,11,2024,Este,Invierno,167,51,-6.0,-38.0
Med_6,12,2024,Norte,Invierno,89,315,-78.0,264.0
Med_6,12,2024,Oeste,Otoño,139,172,50.0,-143.0
Med_6,12,2024,Oeste,Primavera,95,65,-44.0,-107.0
Med_6,12,2024,Este,Otoño,230,253,135.0,188.0
Med_7,1,2023,Norte,Primavera,296,253,0.0,0.0
Med_7,2,2023,Oeste,Otoño,273,282,-23.0,29.0
Med_7,3,2023,Norte,Primavera,218,285,-55.0,3.0
Med_7,3,2023,Sur,Otoño,230,314,12.0,29.0
Med_7,4,2023,Oeste,Verano,163,165,-67.0,-149.0
Med_7,4,2023,Sur,Verano,59,224,-104.0,59.0
Med_7,4,2023,Este,Invierno,118,53,59.0,-171.0
Med_7,6,2023,Sur,Invierno,203,166,85.0,113.0
Med_7,6,2023,Norte,Verano,186,183,-17.0,17.0
Med_7,7,2023,Oeste,Otoño,281,127,95.0,-56.0
Med_7,7,2023,Norte,Primavera,133,310,-148.0,183.0
Med_7,7,2023,Este,Primavera,282,308,149.0,-2.0
Med_7,7,2023,Norte,Invierno,256,180,-26.0,-128.0
Med_7,8,2023,Oeste,Primavera,107,311,-149.0,131.0
Med_7,9,2023,Sur,Invierno,288,286,181.0,-25.0
Med_7,9,2023,Oeste,Verano,207,108,-81.0,-178.0
Med_7,10,2023,Oeste,Otoño,237,142,30.0,34.0
Med_7,11,2023,Oeste,Verano,120,60,-117.0,-82.0
Med_7,11,2023,Norte,Verano,136,189,16.0,129.0
Med_7,12,2023,Este,Otoño,213,141,77.0,-48.0
Med_7,12,2023,Oeste,Invierno,286,226,73.0,85.0
Med_7,12,2023,Norte,Primavera,81,211,-205.0,-15.0
Med_7,1,2024,Oeste,Otoño,276,273,195.0,62.0
Med_7,1,2024,Este,Otoño,296,275,20.0,2.0
Med_7,2,2024,Este,Primavera,160,303,-136.0,28.0
Med_7,2,2024,Este,Verano,256,259,96.0,-44.0
Med_7,2,2024,Norte,Otoño,240,211,-16.0,-48.0
Med_7,3,2024,Oeste,Otoño,73,266,-167.0,55.0
Med_7,3,2024,Este,Verano,102,84,29.0,-182.0
Med_7,4,2024,Oeste,Verano,76,186,-26.0,102.0
Med_7,4,2024,Norte,Otoño,51,147,-25.0,-39.0
Med_7,4,2024,Norte,Invierno,173,189,122.0,42.0
Med_7,5,2024,Oeste,Otoño,209,178,36.0,-11.0
Med_7,6,2024,Norte,Invierno,256,77,47.0,-101.0
Med_7,6,2024,Sur,Primavera,271,65,15.0,-12.0
Med_7,7,2024,Oeste,Verano,162,67,-109.0,2.0
Med_7,7,2024,Norte,Otoño,51,295,-111.0,228.0
Med_7,7,2024,Oeste,Primavera,295,102,244.0,-193.0
Med_7,8,2024,Oeste,Primavera,90,244,-205.0,142.0
Med_7,8,2024,Norte,Otoño,239,115,149.0,-129.0
Med_7,8,2024,Sur,Otoño,104,94,-135.0,-21.0
Med_7,12,2024,Norte,Invierno,112,57,8.0,-37.0
Med_7,12,2024,Este,Primavera,252,83,140.0,26.0
Med_8,1,2023,Sur,Invierno,183,205,0.0,0.0
Med_8,1,2023,Oeste,Otoño,103,214,-80.0,9.0
Med_8,1,2023,Oeste,Verano,202,137,99.0,-77.0
Med_8,1,2023,Norte,Otoño,63,132,-139.0,-5.0
Med_8,2,2023,Norte,Verano,154,226,91.0,94.0
Med_8,2,2023,Sur,Otoño,188,43,34.0,-183.0
Med_8,2,2023,Norte,Verano,248,118,60.0,75.0
Med_8,2,2023,Oeste,Invierno,246,219,-2.0,101.0
Med_8,3,2023,Sur,Verano,155,266,-91.0,47.0
Med_8,5,2023,Sur,Invierno,138,276,-17.0,10.0
Med_8,5,2023,Este,Verano,291,218,153.0,-58.0
Med_8,5,2023,Norte,Otoño,143,229,-148.0,11.0
Med_8,6,2023,Sur,Invierno,115,78,-28.0,-151.0
Med_8,6,2023,Oeste,Primavera,78,236,-37.0,158.0
Med_8,7,2023,Oeste,Otoño,282,286,204.0,50.0
Med_8,7,2023,Este,Otoño,186,255,-96.0,-31.0
Med_8,7,2023,Norte,Otoño,214,93,28.0,-162.0
Med_8,8,2023,Norte,Verano,136,135,-78.0,42.0
Med_8,8,2023,Norte,Verano,223,242,87.0,107.0
Med_8,9,2023,Este,Invierno,271,193,48.0,-49.0
Med_8,9,2023,Oeste,Verano,157,107,-114.0,-86.0
Med_8,10,2023,Norte,Invierno,263,145,106.0,38.0
Med_8,10,2023,Sur,Invierno,296,197,33.0,52.0
Med_8,10,2023,Oeste,Verano,65,257,-231.0,60.0
Med_8,11,2023,Sur,Primavera,239,251,174.0,-6.0
Med_8,11,2023,Oeste,Verano,90,249,-149.0,-2.0
Med_8,12,2023,Este,Invierno,74,219,-16.0,-30.0
Med_8,12,2023,Norte,Verano,112,155,38.0,-64.0
Med_8,12,2023,Sur,Verano,89,239,-23.0,84.0
Med_8,1,2024,Este,Otoño,207,226,118.0,-13.0
Med_8,1,2024,Oeste,Otoño,133,281,-74.0,55.0
Med_8,1,2024,Este,Otoño,125,45,-8.0,-236.0
Med_8,2,2024,Norte,Otoño,206,219,81.0,174.0
Med_8,2,2024,Este,Primavera,86,131,-120.0,-88.0
Med_8,3,2024,Oeste,Otoño,92,246,6.0,115.0
Med_8,3,2024,Oeste,Verano,55,154,-37.0,-92.0
Med_8,3,2024,Norte,Otoño,170,278,115.0,124.0
Med_8,3,2024,Norte,Invierno,92,269,-78.0,-9.0
Med_8,4,2024,Sur,Invierno,223,248,131.0,-21.0
Med_8,4,2024,Este,Otoño,162,212,-61.0,-36.0
Med_8,4,2024,Sur,Otoño,77,297,-85.0,85.0
Med_8,6,2024,Este,Verano,60,93,-17.0,-204.0
Med_8,7,2024,Este,Primavera,264,79,204.0,-14.0
Med_8,8,2024,Sur,Invierno,186,279,-78.0,200.0
Med_8,8,2024,Norte,Verano,201,317,15.0,38.0
Med_8,9,2024,Oeste,Otoño,261,176,60.0,-141.0
Med_8,9,2024,Este,Primavera,220,69,-41.0,-107.0
Med_8,9,2024,Norte,Verano,108,313,-112.0,244.0
Med_8,10,2024,Norte,Invierno,142,129,34.0,-184.0
Med_8,10,2024,Norte,Primavera,222,146,80.0,17.0
Med_8,11,2024,Oeste,Primavera,175,164,-47.0,18.0
Med_8,11,2024,Norte,Otoño,177,121,2.0,-43.0
Med_8,11,2024,Norte,Invierno,243,288,66.0,167.0
Med_8,11,2024,Este,Invierno,259,183,16.0,-105.0
Med_8,12,2024,Oeste,Otoño,89,220,-170.0,37.0
Med_8,12,2024,Norte,Otoño,163,286,74.0,66.0
Med_8,12,2024,Este,Primavera,208,167,45.0,-119.0
Med_9,1,2023,Norte,Invierno,131,87,0.0,0.0
Med_9,1,2023,Oeste,Primavera,283,128,152.0,41.0
Med_9,2,2023,Sur,Verano,199,319,-84.0,191.0
Med_9,3,2023,Norte,Verano,288,157,89.0,-162.0
Med_9,3,2023,Norte,Primavera,272,233,-16.0,76.0
Med_9,3,2023,Norte,Invierno,89,64,-183.0,-169.0
Med_9,5,2023,Sur,Invierno,142,308,53.0,244.0
Med_9,5,2023,Este,Primavera,216,124,74.0,-184.0
Med_9,5,2023,Este,Primavera,180,270,-36.0,146.0
Med_9,5,2023,Sur,Otoño,110,268,-70.0,-2.0
Med_9,6,2023,Oeste,Verano,181,97,71.0,-171.0
Med_9,7,2023,Sur,Verano,216,128,35.0,31.0
Med_9,8,2023,Oeste,Invierno,257,95,41.0,-33.0
Med_9,8,2023,Sur,Verano,231,206,-26.0,111.0
Med_9,8,2023,Norte,Invierno,251,235,20.0,29.0
Med_9,8,2023,Oeste,Invierno,112,250,-139.0,15.0
Med_9,8,2023,Este,Invierno,165,189,53.0,-61.0
Med_9,8,2023,Sur,Primavera,227,148,62.0,-41.0
Med_9,9,2023,Sur,Otoño,162,271,-65.0,123.0
Med_9,9,2023,Norte,Primavera,93,200,-69.0,-71.0
Med_9,10,2023,Oeste,Invierno,206,51,113.0,-149.0
Med_9,10,2023,Oeste,Invierno,288,255,82.0,204.0
Med_9,11,2023,Norte,Primavera,299,90,11.0,-165.0
Med_9,11,2023,Oeste,Otoño,209,261,-90.0,171.0
Med_9,2,2024,Oeste,Verano,296,253,87.0,-8.0
Med_9,2,2024,Oeste,Verano,292,287,-4.0,34.0
Med_9,3,2024,Este,Verano,256,129,-36.0,-158.0
Med_9,4,2024,Este,Primavera,226,265,-30.0,136.0
Med_9,4,2024,Oeste,Primavera,157,228,-69.0,-37.0
Med_9,4,2024,Oeste,Otoño,145,161,-12.0,-67.0
Med_9,5,2024,Sur,Invierno,77,305,-68.0,144.0
Med_9,5,2024,Oeste,Verano,297,277,220.0,-28.0
Med_9,5,2024,Oeste,Invierno,257,277,-40.0,0.0
Med_9,6,2024,Sur,Verano,59,249,-198.0,-28.0
Med_9,7,2024,Este,Primavera,133,318,74.0,69.0
Med_9,9,2024,Sur,Invierno,65,111,-68.0,-207.0
Med_9,9,2024,Este,Verano,102,308,37.0,197.0
Med_9,9,2024,Este,Otoño,141,97,39.0,-211.0
Med_9,9,2024,Norte,Invierno,281,220,140.0,123.0
Med_9,9,2024,Sur,Invierno,56,65,-225.0,-155.0
Med_9,11,2024,Oeste,Primavera,286,239,230.0,174.0
Med_9,11,2024,Oeste,Primavera,105,227,-181.0,-12.0
Med_9,11,2024,Norte,Otoño,278,152,173.0,-75.0
Med_9,11,2024,Sur,Verano,177,145,-101.0,-7.0
Med_9,12,2024,Sur,Primavera,74,191,-103.0,46.0
